hora,media_kw,mediana_kw,q1_kw,q3_kw,n
0,0.659,0.366,0.274,0.718,85491
1,0.539,0.328,0.25,0.462,85440
2,0.481,0.32,0.244,0.418,85439
3,0.445,0.314,0.24,0.404,85428
4,0.444,0.312,0.24,0.402,85317
5,0.454,0.31,0.236,0.402,85260
6,0.792,0.35,0.256,1.232,85259
7,1.502,1.502,0.39,2.184,85284
8,1.461,1.41,0.684,1.82,85295
9,1.332,1.36,0.614,1.56,85316
10,1.261,1.342,0.42,1.536,85248
11,1.246,1.316,0.372,1.55,85248
12,1.207,1.264,0.338,1.57,85317
13,1.145,0.876,0.326,1.56,85340
14,1.083,0.606,0.316,1.524,85405
15,0.991,0.5,0.31,1.458,85378
16,0.949,0.496,0.31,1.42,85335
17,1.055,0.602,0.32,1.482,85334
18,1.326,0.978,0.37,1.842,85347
19,1.733,1.502,0.554,2.494,85542
20,1.899,1.668,0.744,2.67,85615
21,1.878,1.682,0.888,2.594,85529
22,1.413,1.208,0.508,1.954,85553
23,0.902,0.484,0.318,1.348,85560
